{
	"width" : 640,
	"height" : 480,
	"intrinsic_matrix" :
	[529.3652640113527, 0, 0, 0, 540.6164768242445, 0, 310.3141830332983, 220.3657848482968, 1]
}
